region,provincia,distrito,candidato,dni,esvalido
Ucayali,Purús,Purus,26663184,Anthony Taylor,1
Ucayali,Purús,Purus,71574920,Richard Scarborough,1
Ucayali,Purús,Purus,56213023,Brenton Walton,1
Ucayali,Purús,Purus,14406827,Maria Spotwood,0
Ucayali,Purús,Purus,47152778,Donna Mccormick,1
Ucayali,Purús,Purus,19164834,Diane Martenez,1
Ucayali,Purús,Purus,18574372,Lynn Kahan,1
Ucayali,Purús,Purus,33378498,Brenton Walton,1
Ucayali,Purús,Purus,26283197,Thomas Ahrens,0
Ucayali,Purús,Purus,55153451,Brenton Walton,0
Ucayali,Purús,Purus,50164514,Reginald Lewis,1
Ucayali,Purús,Purus,56462247,Diane Martenez,1
Ucayali,Purús,Purus,77359937,Donna Mccormick,0
Ucayali,Purús,Purus,35158687,Donna Mccormick,0
Ucayali,Purús,Purus,68536354,Donna Mccormick,1
Ucayali,Purús,Purus,86027876,Richard Scarborough,0
Ucayali,Purús,Purus,88622405,Brenton Walton,0
Ucayali,Purús,Purus,69217385,Diane Martenez,0
Ucayali,Purús,Purus,89704800,Brenton Walton,1
Ucayali,Purús,Purus,25983142,Diane Martenez,1
Ucayali,Purús,Purus,88940980,Diane Martenez,1
Ucayali,Purús,Purus,18011698,Anthony Taylor,0
Ucayali,Purús,Purus,12229692,Reginald Lewis,1
Ucayali,Purús,Purus,67871096,Brenton Walton,1
Ucayali,Purús,Purus,36417501,Donna Mccormick,1
Ucayali,Purús,Purus,54112897,Lynn Kahan,0
Ucayali,Purús,Purus,57164975,Donna Mccormick,1
Ucayali,Purús,Purus,73695823,Anthony Taylor,0
Ucayali,Purús,Purus,69078424,Brenton Walton,1
Ucayali,Purús,Purus,33544951,Diane Martenez,1
Ucayali,Purús,Purus,38501726,Lynn Kahan,0
Ucayali,Purús,Purus,12528315,Lynn Kahan,1
Ucayali,Purús,Purus,59531718,Brenton Walton,1
Ucayali,Purús,Purus,44950391,Diane Martenez,0
Ucayali,Purús,Purus,36150641,Diane Martenez,1
Ucayali,Purús,Purus,44203407,Reginald Lewis,1
Ucayali,Purús,Purus,28462472,Lynn Kahan,0
Ucayali,Purús,Purus,19804840,Brenton Walton,0
Ucayali,Purús,Purus,17837146,Maria Spotwood,0
Ucayali,Purús,Purus,43121584,Lynn Kahan,0
Ucayali,Purús,Purus,20180358,Diane Martenez,1
Ucayali,Purús,Purus,84354277,Maria Spotwood,0
Ucayali,Purús,Purus,15189561,Anthony Taylor,1
Ucayali,Purús,Purus,55644582,Maria Spotwood,1
Ucayali,Purús,Purus,59529926,Richard Scarborough,1
Ucayali,Purús,Purus,76913870,Maria Spotwood,1
Ucayali,Purús,Purus,39010387,Maria Spotwood,0
Ucayali,Purús,Purus,75940852,Brenton Walton,0
Ucayali,Purús,Purus,67465653,Donna Mccormick,0
Ucayali,Purús,Purus,43865205,Brenton Walton,1
Ucayali,Purús,Purus,60704311,Thomas Ahrens,0
Ucayali,Purús,Purus,65016263,Richard Scarborough,0
Ucayali,Purús,Purus,21147562,Richard Scarborough,0
Ucayali,Purús,Purus,74044282,Diane Martenez,1
Ucayali,Purús,Purus,63793768,Maria Spotwood,0
Ucayali,Purús,Purus,51913420,Maria Spotwood,1
Ucayali,Purús,Purus,24091929,Richard Scarborough,0
Ucayali,Purús,Purus,46327673,Donna Mccormick,1
Ucayali,Purús,Purus,42623224,Diane Martenez,1
Ucayali,Purús,Purus,63574211,Reginald Lewis,0
Ucayali,Purús,Purus,26187674,Anthony Taylor,1
Ucayali,Purús,Purus,23867552,Maria Spotwood,0
Ucayali,Purús,Purus,78129996,Brenton Walton,0
Ucayali,Purús,Purus,52412719,Maria Spotwood,1
Ucayali,Purús,Purus,47348713,Diane Martenez,1
Ucayali,Purús,Purus,27949852,Diane Martenez,1
Ucayali,Purús,Purus,25949711,Brenton Walton,1
Ucayali,Purús,Purus,27147041,Diane Martenez,0
Ucayali,Purús,Purus,47846419,Lynn Kahan,0
Ucayali,Purús,Purus,35433554,Lynn Kahan,1
Ucayali,Purús,Purus,49607902,Lynn Kahan,1
Ucayali,Purús,Purus,61319370,Donna Mccormick,0
Ucayali,Purús,Purus,79901580,Lynn Kahan,1
Ucayali,Purús,Purus,20965168,Reginald Lewis,0
Ucayali,Purús,Purus,52164217,Reginald Lewis,1
Ucayali,Purús,Purus,34821216,Thomas Ahrens,1
Ucayali,Purús,Purus,51760377,Donna Mccormick,0
Ucayali,Purús,Purus,66881633,Brenton Walton,1
Ucayali,Purús,Purus,45460612,Maria Spotwood,0
Ucayali,Purús,Purus,44663773,Anthony Taylor,1
Ucayali,Purús,Purus,62306065,Thomas Ahrens,0
Ucayali,Purús,Purus,57440962,Anthony Taylor,0
Ucayali,Purús,Purus,67224574,Maria Spotwood,1
Ucayali,Purús,Purus,40485265,Diane Martenez,0
Ucayali,Purús,Purus,54602751,Thomas Ahrens,0
Ucayali,Purús,Purus,53763989,Reginald Lewis,0
Ucayali,Purús,Purus,26196657,Richard Scarborough,0
Ucayali,Purús,Purus,53861848,Anthony Taylor,1
Ucayali,Purús,Purus,26821453,Diane Martenez,0
Ucayali,Purús,Purus,73193112,Diane Martenez,1
Ucayali,Purús,Purus,25809380,Brenton Walton,0
Ucayali,Purús,Purus,52540870,Maria Spotwood,1
Ucayali,Purús,Purus,47660138,Brenton Walton,0
Ucayali,Purús,Purus,16303191,Thomas Ahrens,0
Ucayali,Purús,Purus,83792901,Diane Martenez,0
Ucayali,Purús,Purus,76885389,Reginald Lewis,0
Ucayali,Purús,Purus,87561186,Donna Mccormick,1
Ucayali,Purús,Purus,51762199,Donna Mccormick,0
Ucayali,Purús,Purus,18817598,Maria Spotwood,1
Ucayali,Purús,Purus,71263014,Thomas Ahrens,0
Ucayali,Purús,Purus,15081310,Donna Mccormick,0
Ucayali,Purús,Purus,51157407,Thomas Ahrens,0
Ucayali,Purús,Purus,46549764,Thomas Ahrens,0
Ucayali,Purús,Purus,12390344,Donna Mccormick,0
Ucayali,Purús,Purus,58913969,Lynn Kahan,1
Ucayali,Purús,Purus,48231114,Anthony Taylor,0
Ucayali,Purús,Purus,70637203,Diane Martenez,0
Ucayali,Purús,Purus,28788176,Brenton Walton,0
Ucayali,Purús,Purus,14555219,Donna Mccormick,1
Ucayali,Purús,Purus,54339049,Richard Scarborough,1
Ucayali,Purús,Purus,58717528,Maria Spotwood,1
Ucayali,Purús,Purus,69950604,Lynn Kahan,0
Ucayali,Purús,Purus,17134336,Donna Mccormick,1
Ucayali,Purús,Purus,11142334,Lynn Kahan,0
Ucayali,Purús,Purus,28963090,Brenton Walton,1
Ucayali,Purús,Purus,42246439,Thomas Ahrens,1
Ucayali,Purús,Purus,49871518,Richard Scarborough,1
Ucayali,Purús,Purus,78790893,Thomas Ahrens,1
Ucayali,Purús,Purus,60231908,Reginald Lewis,1
Ucayali,Purús,Purus,27248696,Thomas Ahrens,0
Ucayali,Purús,Purus,63997916,Brenton Walton,1
Ucayali,Purús,Purus,78066478,Maria Spotwood,1
Ucayali,Purús,Purus,22234359,Thomas Ahrens,0
Ucayali,Purús,Purus,86906973,Donna Mccormick,0
Ucayali,Purús,Purus,76472254,Anthony Taylor,0
Ucayali,Purús,Purus,67431162,Donna Mccormick,0
Ucayali,Purús,Purus,83564328,Maria Spotwood,1
Ucayali,Purús,Purus,72876170,Maria Spotwood,1
Ucayali,Purús,Purus,28243017,Lynn Kahan,0
Ucayali,Purús,Purus,72792373,Anthony Taylor,0
Ucayali,Purús,Purus,12530892,Diane Martenez,0
Ucayali,Purús,Purus,30262670,Brenton Walton,0
Ucayali,Purús,Purus,58017416,Richard Scarborough,1
Ucayali,Purús,Purus,15587972,Maria Spotwood,0
Ucayali,Purús,Purus,28354247,Richard Scarborough,1
Ucayali,Purús,Purus,77859241,Maria Spotwood,0
Ucayali,Purús,Purus,60539245,Reginald Lewis,1
Ucayali,Purús,Purus,14829095,Diane Martenez,1
Ucayali,Purús,Purus,70443265,Diane Martenez,0
Ucayali,Purús,Purus,73058682,Brenton Walton,1
Ucayali,Purús,Purus,54033072,Brenton Walton,1
Ucayali,Purús,Purus,57985988,Maria Spotwood,1
Ucayali,Purús,Purus,28930383,Thomas Ahrens,1
Ucayali,Purús,Purus,49866118,Diane Martenez,1
Ucayali,Purús,Purus,46565168,Anthony Taylor,0
Ucayali,Purús,Purus,78474862,Brenton Walton,1
Ucayali,Purús,Purus,75434635,Diane Martenez,1
Ucayali,Purús,Purus,68122092,Brenton Walton,1
Ucayali,Purús,Purus,10919975,Anthony Taylor,0
Ucayali,Purús,Purus,86783052,Anthony Taylor,0
Ucayali,Purús,Purus,61994819,Lynn Kahan,0
Ucayali,Purús,Purus,61786682,Reginald Lewis,0
Ucayali,Purús,Purus,20677857,Donna Mccormick,1
Ucayali,Purús,Purus,27367095,Reginald Lewis,0
Ucayali,Purús,Purus,12361183,Lynn Kahan,1
Ucayali,Purús,Purus,78438032,Richard Scarborough,0
Ucayali,Purús,Purus,37108306,Brenton Walton,0
Ucayali,Purús,Purus,34439483,Richard Scarborough,0
Ucayali,Purús,Purus,51762758,Brenton Walton,0
Ucayali,Purús,Purus,33295470,Anthony Taylor,1
Ucayali,Purús,Purus,51506496,Maria Spotwood,0
Ucayali,Purús,Purus,52785701,Brenton Walton,1
Ucayali,Purús,Purus,81041773,Maria Spotwood,0
Ucayali,Purús,Purus,38675719,Anthony Taylor,1
Ucayali,Purús,Purus,26856495,Maria Spotwood,1
Ucayali,Purús,Purus,10120309,Brenton Walton,0
Ucayali,Purús,Purus,75336467,Lynn Kahan,1
Ucayali,Purús,Purus,32046950,Richard Scarborough,0
Ucayali,Purús,Purus,41389735,Maria Spotwood,0
Ucayali,Purús,Purus,68320663,Donna Mccormick,0
Ucayali,Purús,Purus,33045780,Reginald Lewis,0
Ucayali,Purús,Purus,40733825,Brenton Walton,1
Ucayali,Purús,Purus,89848157,Donna Mccormick,1
Ucayali,Purús,Purus,32912972,Diane Martenez,1
Ucayali,Purús,Purus,23070193,Brenton Walton,1
Ucayali,Purús,Purus,18446156,Reginald Lewis,0
Ucayali,Purús,Purus,29436880,Richard Scarborough,1
Ucayali,Purús,Purus,64483274,Lynn Kahan,0
Ucayali,Purús,Purus,36245899,Thomas Ahrens,0
Ucayali,Purús,Purus,79445630,Brenton Walton,0
Ucayali,Purús,Purus,75597867,Maria Spotwood,0
Ucayali,Purús,Purus,46634810,Diane Martenez,1
Ucayali,Purús,Purus,19001666,Anthony Taylor,0
Ucayali,Purús,Purus,11548833,Reginald Lewis,0
Ucayali,Purús,Purus,71563052,Brenton Walton,0
Ucayali,Purús,Purus,17453666,Reginald Lewis,0
Ucayali,Purús,Purus,85682595,Diane Martenez,0
Ucayali,Purús,Purus,67723897,Donna Mccormick,0
Ucayali,Purús,Purus,32323453,Lynn Kahan,1
Ucayali,Purús,Purus,44615847,Maria Spotwood,0
Ucayali,Purús,Purus,37325085,Brenton Walton,0
Ucayali,Purús,Purus,28284982,Richard Scarborough,0
Ucayali,Purús,Purus,18237868,Thomas Ahrens,1
Ucayali,Purús,Purus,26476339,Anthony Taylor,1
Ucayali,Purús,Purus,51715205,Donna Mccormick,1
Ucayali,Purús,Purus,11368870,Donna Mccormick,0
Ucayali,Purús,Purus,52441578,Reginald Lewis,0
Ucayali,Purús,Purus,17639465,Diane Martenez,0
Ucayali,Purús,Purus,48084618,Maria Spotwood,0
Ucayali,Purús,Purus,18079191,Donna Mccormick,0
Ucayali,Purús,Purus,72023624,Lynn Kahan,0
Ucayali,Purús,Purus,48016538,Thomas Ahrens,0
Ucayali,Purús,Purus,82351250,Maria Spotwood,1
Ucayali,Purús,Purus,73249817,Reginald Lewis,0
Ucayali,Purús,Purus,47092538,Thomas Ahrens,0
Ucayali,Purús,Purus,45403215,Anthony Taylor,0
Ucayali,Purús,Purus,88060260,Anthony Taylor,0
Ucayali,Purús,Purus,54265168,Richard Scarborough,0
Ucayali,Purús,Purus,34076761,Anthony Taylor,1
Ucayali,Purús,Purus,33851386,Richard Scarborough,1
Ucayali,Purús,Purus,64996544,Richard Scarborough,1
Ucayali,Purús,Purus,43595658,Brenton Walton,1
Ucayali,Purús,Purus,20035629,Donna Mccormick,0
Ucayali,Purús,Purus,88973500,Brenton Walton,0
Ucayali,Purús,Purus,52650605,Reginald Lewis,1
Ucayali,Purús,Purus,71183671,Diane Martenez,1
Ucayali,Purús,Purus,80834544,Thomas Ahrens,1
Ucayali,Purús,Purus,34237687,Lynn Kahan,1
Ucayali,Purús,Purus,11741694,Lynn Kahan,1
Ucayali,Purús,Purus,39176194,Brenton Walton,1
Ucayali,Purús,Purus,54903081,Diane Martenez,0
Ucayali,Purús,Purus,35257673,Brenton Walton,1
Ucayali,Purús,Purus,57849696,Diane Martenez,0
Ucayali,Purús,Purus,73073426,Donna Mccormick,0
Ucayali,Purús,Purus,59578295,Diane Martenez,1
Ucayali,Purús,Purus,72876534,Diane Martenez,1
Ucayali,Purús,Purus,62188648,Reginald Lewis,1
Ucayali,Purús,Purus,49395735,Lynn Kahan,1
Ucayali,Purús,Purus,67518785,Donna Mccormick,0
Ucayali,Purús,Purus,39332919,Diane Martenez,1
Ucayali,Purús,Purus,50946654,Anthony Taylor,1
Ucayali,Purús,Purus,24122941,Richard Scarborough,1
Ucayali,Purús,Purus,79128629,Richard Scarborough,1
Ucayali,Purús,Purus,47553853,Thomas Ahrens,0
Ucayali,Purús,Purus,34997104,Diane Martenez,1
Ucayali,Purús,Purus,31894598,Maria Spotwood,0
Ucayali,Purús,Purus,26925640,Diane Martenez,0
Ucayali,Purús,Purus,49008361,Diane Martenez,1
Ucayali,Purús,Purus,66873791,Richard Scarborough,1
Ucayali,Purús,Purus,62702918,Donna Mccormick,1
Ucayali,Purús,Purus,66029732,Anthony Taylor,1
Ucayali,Purús,Purus,77194592,Donna Mccormick,0
Ucayali,Purús,Purus,51630753,Thomas Ahrens,1
Ucayali,Purús,Purus,13568183,Richard Scarborough,1
Ucayali,Purús,Purus,17801182,Brenton Walton,1
Ucayali,Purús,Purus,74005117,Maria Spotwood,0
Ucayali,Purús,Purus,11122361,Reginald Lewis,0
Ucayali,Purús,Purus,58032911,Diane Martenez,1
Ucayali,Purús,Purus,29332153,Thomas Ahrens,1
Ucayali,Purús,Purus,84544749,Anthony Taylor,0
Ucayali,Purús,Purus,31762725,Donna Mccormick,0
Ucayali,Purús,Purus,74625118,Anthony Taylor,0
Ucayali,Purús,Purus,36069036,Thomas Ahrens,0
Ucayali,Purús,Purus,23538843,Maria Spotwood,0
Ucayali,Purús,Purus,79160243,Richard Scarborough,1
Ucayali,Purús,Purus,21505418,Richard Scarborough,1
Ucayali,Purús,Purus,80887709,Thomas Ahrens,0
Ucayali,Purús,Purus,14156331,Richard Scarborough,0
Ucayali,Purús,Purus,82191300,Anthony Taylor,1
Ucayali,Purús,Purus,23772192,Thomas Ahrens,0
Ucayali,Purús,Purus,75945644,Thomas Ahrens,1
Ucayali,Purús,Purus,85684395,Donna Mccormick,1
Ucayali,Purús,Purus,51430317,Maria Spotwood,1
Ucayali,Purús,Purus,48736603,Brenton Walton,1
Ucayali,Purús,Purus,72668443,Lynn Kahan,0
Ucayali,Purús,Purus,76494628,Richard Scarborough,0
Ucayali,Purús,Purus,32572583,Diane Martenez,0
Ucayali,Purús,Purus,32631186,Thomas Ahrens,1
Ucayali,Purús,Purus,38913306,Donna Mccormick,1
Ucayali,Purús,Purus,35420943,Maria Spotwood,0
Ucayali,Purús,Purus,60232001,Reginald Lewis,0
Ucayali,Purús,Purus,52293223,Reginald Lewis,1
Ucayali,Purús,Purus,69750066,Richard Scarborough,1
Ucayali,Purús,Purus,29926947,Donna Mccormick,1
Ucayali,Purús,Purus,69498889,Donna Mccormick,1
Ucayali,Purús,Purus,33371995,Lynn Kahan,0
Ucayali,Purús,Purus,82763449,Reginald Lewis,1
Ucayali,Purús,Purus,22055248,Anthony Taylor,0
Ucayali,Purús,Purus,58717427,Brenton Walton,1
Ucayali,Purús,Purus,27130128,Diane Martenez,1
Ucayali,Purús,Purus,48407350,Lynn Kahan,1
Ucayali,Purús,Purus,55613880,Richard Scarborough,0
Ucayali,Purús,Purus,44288147,Thomas Ahrens,0
Ucayali,Purús,Purus,80474926,Reginald Lewis,1
Ucayali,Purús,Purus,20169183,Brenton Walton,1
Ucayali,Purús,Purus,44221880,Diane Martenez,0
Ucayali,Purús,Purus,80766175,Thomas Ahrens,1
Ucayali,Purús,Purus,87733403,Brenton Walton,0
Ucayali,Purús,Purus,13765402,Reginald Lewis,1
Ucayali,Purús,Purus,38278057,Brenton Walton,1
Ucayali,Purús,Purus,41578949,Thomas Ahrens,0
Ucayali,Purús,Purus,83969794,Anthony Taylor,1
Ucayali,Purús,Purus,25523534,Thomas Ahrens,1
Ucayali,Purús,Purus,54822712,Maria Spotwood,1
Ucayali,Purús,Purus,89311857,Anthony Taylor,1
Ucayali,Purús,Purus,59174106,Thomas Ahrens,0
Ucayali,Purús,Purus,57275648,Lynn Kahan,0
Ucayali,Purús,Purus,54739009,Thomas Ahrens,0
Ucayali,Purús,Purus,85883981,Donna Mccormick,1
Ucayali,Purús,Purus,42058302,Reginald Lewis,0
Ucayali,Purús,Purus,76650503,Diane Martenez,0
Ucayali,Purús,Purus,34228110,Reginald Lewis,1
Ucayali,Purús,Purus,26613431,Anthony Taylor,1
Ucayali,Purús,Purus,79832314,Richard Scarborough,0
Ucayali,Purús,Purus,29816776,Donna Mccormick,0
Ucayali,Purús,Purus,51415648,Thomas Ahrens,0
Ucayali,Purús,Purus,25908684,Donna Mccormick,1
Ucayali,Purús,Purus,34912231,Lynn Kahan,0
Ucayali,Purús,Purus,56176604,Reginald Lewis,1
Ucayali,Purús,Purus,59077647,Richard Scarborough,1
Ucayali,Purús,Purus,74047241,Lynn Kahan,0
Ucayali,Purús,Purus,23158180,Richard Scarborough,0
Ucayali,Purús,Purus,29967763,Maria Spotwood,0
Ucayali,Purús,Purus,63397758,Thomas Ahrens,1
Ucayali,Purús,Purus,28021203,Thomas Ahrens,1
Ucayali,Purús,Purus,37470379,Diane Martenez,0
Ucayali,Purús,Purus,40237676,Anthony Taylor,1
Ucayali,Purús,Purus,50607867,Donna Mccormick,1
Ucayali,Purús,Purus,87259889,Reginald Lewis,0
Ucayali,Purús,Purus,75493939,Lynn Kahan,0
Ucayali,Purús,Purus,81895373,Reginald Lewis,0
Ucayali,Purús,Purus,46041867,Reginald Lewis,1
Ucayali,Purús,Purus,43771897,Donna Mccormick,1
Ucayali,Purús,Purus,71490630,Diane Martenez,0
Ucayali,Purús,Purus,84179826,Lynn Kahan,1
Ucayali,Purús,Purus,24747441,Thomas Ahrens,1
Ucayali,Purús,Purus,33028996,Richard Scarborough,0
Ucayali,Purús,Purus,66299753,Maria Spotwood,0
Ucayali,Purús,Purus,50498851,Diane Martenez,0
Ucayali,Purús,Purus,89547092,Maria Spotwood,0
Ucayali,Purús,Purus,85412535,Lynn Kahan,1
Ucayali,Purús,Purus,75817367,Richard Scarborough,1
Ucayali,Purús,Purus,33022541,Brenton Walton,0
Ucayali,Purús,Purus,68920643,Anthony Taylor,1
Ucayali,Purús,Purus,17491945,Diane Martenez,0
Ucayali,Purús,Purus,37316693,Richard Scarborough,1
Ucayali,Purús,Purus,49231690,Thomas Ahrens,1
Ucayali,Purús,Purus,66625200,Thomas Ahrens,0
Ucayali,Purús,Purus,74820834,Lynn Kahan,1
Ucayali,Purús,Purus,77259419,Lynn Kahan,0
Ucayali,Purús,Purus,46194831,Thomas Ahrens,1
Ucayali,Purús,Purus,86304681,Thomas Ahrens,0
Ucayali,Purús,Purus,42425201,Anthony Taylor,1
Ucayali,Purús,Purus,88773170,Maria Spotwood,1
Ucayali,Purús,Purus,13559923,Richard Scarborough,1
Ucayali,Purús,Purus,32136890,Donna Mccormick,0
Ucayali,Purús,Purus,88878711,Maria Spotwood,0
Ucayali,Purús,Purus,37929077,Richard Scarborough,1
Ucayali,Purús,Purus,77850652,Lynn Kahan,1
Ucayali,Purús,Purus,73114465,Brenton Walton,1
Ucayali,Purús,Purus,14139580,Donna Mccormick,0
Ucayali,Purús,Purus,18414159,Maria Spotwood,0
Ucayali,Purús,Purus,78647669,Reginald Lewis,1
Ucayali,Purús,Purus,79675383,Richard Scarborough,0
Ucayali,Purús,Purus,16133459,Brenton Walton,0
Ucayali,Purús,Purus,35228465,Lynn Kahan,1
Ucayali,Purús,Purus,43387260,Donna Mccormick,0
Ucayali,Purús,Purus,68744239,Diane Martenez,1
Ucayali,Purús,Purus,17964588,Brenton Walton,0
Ucayali,Purús,Purus,38942222,Thomas Ahrens,0
Ucayali,Purús,Purus,70306051,Brenton Walton,0
Ucayali,Purús,Purus,88182621,Anthony Taylor,0
Ucayali,Purús,Purus,50939125,Diane Martenez,0
Ucayali,Purús,Purus,83341209,Lynn Kahan,0
Ucayali,Purús,Purus,62351763,Lynn Kahan,0
Ucayali,Purús,Purus,14398582,Anthony Taylor,0
Ucayali,Purús,Purus,60431412,Richard Scarborough,0
Ucayali,Purús,Purus,43754762,Lynn Kahan,1
Ucayali,Purús,Purus,86743127,Reginald Lewis,1
Ucayali,Purús,Purus,57194077,Lynn Kahan,0
Ucayali,Purús,Purus,68212934,Diane Martenez,1
Ucayali,Purús,Purus,31239837,Reginald Lewis,0
Ucayali,Purús,Purus,75178886,Richard Scarborough,0
Ucayali,Purús,Purus,63022928,Brenton Walton,1
Ucayali,Purús,Purus,67703789,Maria Spotwood,0
Ucayali,Purús,Purus,46669092,Diane Martenez,1
Ucayali,Purús,Purus,30752861,Brenton Walton,0
Ucayali,Purús,Purus,18801433,Anthony Taylor,0
Ucayali,Purús,Purus,45309208,Richard Scarborough,0
Ucayali,Purús,Purus,82717539,Diane Martenez,0
Ucayali,Purús,Purus,85757776,Reginald Lewis,0
Ucayali,Purús,Purus,41226149,Diane Martenez,0
Ucayali,Purús,Purus,34607546,Richard Scarborough,0
Ucayali,Purús,Purus,73548522,Donna Mccormick,0
Ucayali,Purús,Purus,20586914,Brenton Walton,1
Ucayali,Purús,Purus,87765731,Maria Spotwood,1
Ucayali,Purús,Purus,22837255,Reginald Lewis,0
Ucayali,Purús,Purus,79558497,Thomas Ahrens,0
Ucayali,Purús,Purus,57552392,Thomas Ahrens,1
Ucayali,Purús,Purus,86073099,Brenton Walton,1
Ucayali,Purús,Purus,58124208,Richard Scarborough,0
Ucayali,Purús,Purus,19881588,Brenton Walton,0
Ucayali,Purús,Purus,62473795,Reginald Lewis,0
Ucayali,Purús,Purus,44376475,Donna Mccormick,1
Ucayali,Purús,Purus,32622901,Richard Scarborough,1
Ucayali,Purús,Purus,77817752,Maria Spotwood,1
Ucayali,Purús,Purus,77698336,Diane Martenez,0
Ucayali,Purús,Purus,55459345,Reginald Lewis,0
Ucayali,Purús,Purus,21234762,Brenton Walton,0
Ucayali,Purús,Purus,76592328,Donna Mccormick,0
Ucayali,Purús,Purus,59020806,Diane Martenez,1
Ucayali,Purús,Purus,56576920,Diane Martenez,0
Ucayali,Purús,Purus,63019765,Maria Spotwood,1
Ucayali,Purús,Purus,10977656,Lynn Kahan,0
Ucayali,Purús,Purus,53523304,Reginald Lewis,0
Ucayali,Purús,Purus,73768416,Maria Spotwood,0
Ucayali,Purús,Purus,26637461,Maria Spotwood,0
Ucayali,Purús,Purus,38631828,Reginald Lewis,1
Ucayali,Purús,Purus,24071244,Reginald Lewis,1
Ucayali,Purús,Purus,51784641,Anthony Taylor,1
Ucayali,Purús,Purus,51707878,Diane Martenez,1
Ucayali,Purús,Purus,72984317,Reginald Lewis,0
Ucayali,Purús,Purus,13463876,Diane Martenez,0
Ucayali,Purús,Purus,57467887,Thomas Ahrens,1
Ucayali,Purús,Purus,74766281,Thomas Ahrens,1
Ucayali,Purús,Purus,16394214,Brenton Walton,1
Ucayali,Purús,Purus,47451540,Thomas Ahrens,0
Ucayali,Purús,Purus,19103467,Diane Martenez,0
Ucayali,Purús,Purus,51429375,Donna Mccormick,1
Ucayali,Purús,Purus,70789305,Donna Mccormick,0
Ucayali,Purús,Purus,77250702,Thomas Ahrens,0
Ucayali,Purús,Purus,55914912,Richard Scarborough,0
Ucayali,Purús,Purus,17961370,Diane Martenez,1
Ucayali,Purús,Purus,11674156,Thomas Ahrens,0
Ucayali,Purús,Purus,41740186,Lynn Kahan,0
Ucayali,Purús,Purus,62936651,Brenton Walton,0
Ucayali,Purús,Purus,85250820,Diane Martenez,1
Ucayali,Purús,Purus,55163335,Brenton Walton,1
Ucayali,Purús,Purus,37643537,Diane Martenez,1
Ucayali,Purús,Purus,30949988,Brenton Walton,1
Ucayali,Purús,Purus,14615192,Reginald Lewis,0
Ucayali,Purús,Purus,12205701,Anthony Taylor,1
Ucayali,Purús,Purus,80148922,Maria Spotwood,0
Ucayali,Purús,Purus,12340568,Anthony Taylor,1
Ucayali,Purús,Purus,36417882,Lynn Kahan,0
Ucayali,Purús,Purus,89682796,Lynn Kahan,0
Ucayali,Purús,Purus,75889389,Richard Scarborough,0
Ucayali,Purús,Purus,39372711,Maria Spotwood,1
Ucayali,Purús,Purus,24951746,Maria Spotwood,0
Ucayali,Purús,Purus,87027619,Brenton Walton,0
Ucayali,Purús,Purus,23830376,Diane Martenez,0
Ucayali,Purús,Purus,49685095,Anthony Taylor,0
Ucayali,Purús,Purus,22891138,Lynn Kahan,0
Ucayali,Purús,Purus,42274281,Diane Martenez,0
Ucayali,Purús,Purus,74923900,Donna Mccormick,0
Ucayali,Purús,Purus,40173842,Thomas Ahrens,0
Ucayali,Purús,Purus,65518811,Maria Spotwood,0
Ucayali,Purús,Purus,46437908,Brenton Walton,1
Ucayali,Purús,Purus,47725126,Diane Martenez,1
Ucayali,Purús,Purus,12037518,Maria Spotwood,1
Ucayali,Purús,Purus,51924061,Lynn Kahan,0
Ucayali,Purús,Purus,17252047,Reginald Lewis,0
Ucayali,Purús,Purus,19436832,Donna Mccormick,1
Ucayali,Purús,Purus,61488716,Richard Scarborough,1
Ucayali,Purús,Purus,89195595,Donna Mccormick,0
Ucayali,Purús,Purus,44691259,Reginald Lewis,1
Ucayali,Purús,Purus,27267040,Reginald Lewis,0
Ucayali,Purús,Purus,52843130,Maria Spotwood,0
Ucayali,Purús,Purus,84954859,Maria Spotwood,1
Ucayali,Purús,Purus,31656636,Anthony Taylor,1
Ucayali,Purús,Purus,19187667,Maria Spotwood,0
Ucayali,Purús,Purus,63060282,Lynn Kahan,0
Ucayali,Purús,Purus,75371592,Thomas Ahrens,1
Ucayali,Purús,Purus,18630317,Thomas Ahrens,0
Ucayali,Purús,Purus,64001642,Diane Martenez,0
Ucayali,Purús,Purus,87830406,Lynn Kahan,0
Ucayali,Purús,Purus,23661955,Brenton Walton,1
Ucayali,Purús,Purus,39353825,Donna Mccormick,0
Ucayali,Purús,Purus,39481619,Thomas Ahrens,1
Ucayali,Purús,Purus,66381234,Maria Spotwood,0
Ucayali,Purús,Purus,19332708,Maria Spotwood,0
Ucayali,Purús,Purus,80127258,Diane Martenez,0
Ucayali,Purús,Purus,11599701,Lynn Kahan,1
Ucayali,Purús,Purus,74627696,Brenton Walton,0
Ucayali,Purús,Purus,50139311,Donna Mccormick,0
Ucayali,Purús,Purus,22895315,Anthony Taylor,0
Ucayali,Purús,Purus,89452167,Anthony Taylor,1
Ucayali,Purús,Purus,14519344,Richard Scarborough,0
Ucayali,Purús,Purus,16636407,Donna Mccormick,1
Ucayali,Purús,Purus,16026779,Richard Scarborough,0
Ucayali,Purús,Purus,41265302,Lynn Kahan,1
Ucayali,Purús,Purus,54042072,Diane Martenez,0
Ucayali,Purús,Purus,35626818,Reginald Lewis,0
Ucayali,Purús,Purus,57815764,Richard Scarborough,1
Ucayali,Purús,Purus,55543031,Reginald Lewis,1
Ucayali,Purús,Purus,28482510,Thomas Ahrens,0
Ucayali,Purús,Purus,51409931,Diane Martenez,0
Ucayali,Purús,Purus,13058052,Reginald Lewis,0
Ucayali,Purús,Purus,76748652,Anthony Taylor,0
Ucayali,Purús,Purus,87812326,Maria Spotwood,0
Ucayali,Purús,Purus,87600466,Donna Mccormick,1
Ucayali,Purús,Purus,84185919,Richard Scarborough,0
Ucayali,Purús,Purus,51555946,Maria Spotwood,1
Ucayali,Purús,Purus,69055392,Brenton Walton,0
Ucayali,Purús,Purus,89670630,Richard Scarborough,1
Ucayali,Purús,Purus,88724867,Anthony Taylor,0
Ucayali,Purús,Purus,15907255,Donna Mccormick,1
Ucayali,Purús,Purus,80137893,Lynn Kahan,1
Ucayali,Purús,Purus,37109620,Brenton Walton,0
Ucayali,Purús,Purus,21992900,Lynn Kahan,0
Ucayali,Purús,Purus,25755629,Maria Spotwood,1
Ucayali,Purús,Purus,70479705,Brenton Walton,0
Ucayali,Purús,Purus,49295295,Lynn Kahan,0
Ucayali,Purús,Purus,66971837,Thomas Ahrens,1
Ucayali,Purús,Purus,71231191,Thomas Ahrens,1
Ucayali,Purús,Purus,83579200,Reginald Lewis,0
Ucayali,Purús,Purus,27856701,Brenton Walton,1
Ucayali,Purús,Purus,41227003,Anthony Taylor,1
Ucayali,Purús,Purus,74366870,Donna Mccormick,0
Ucayali,Purús,Purus,38356116,Diane Martenez,0
Ucayali,Purús,Purus,34333297,Richard Scarborough,0
Ucayali,Purús,Purus,69909160,Lynn Kahan,1
Ucayali,Purús,Purus,66703230,Reginald Lewis,1
Ucayali,Purús,Purus,31768090,Diane Martenez,0
Ucayali,Purús,Purus,71299658,Reginald Lewis,1
Ucayali,Purús,Purus,55153283,Richard Scarborough,0
Ucayali,Purús,Purus,86620352,Anthony Taylor,1
Ucayali,Purús,Purus,53022346,Reginald Lewis,0
Ucayali,Purús,Purus,33074831,Brenton Walton,1
Ucayali,Purús,Purus,11601345,Brenton Walton,0
Ucayali,Purús,Purus,12052226,Donna Mccormick,1
Ucayali,Purús,Purus,12022498,Thomas Ahrens,1
Ucayali,Purús,Purus,89224820,Anthony Taylor,0
Ucayali,Purús,Purus,59402063,Donna Mccormick,1
Ucayali,Purús,Purus,76969836,Lynn Kahan,0
Ucayali,Purús,Purus,40093772,Richard Scarborough,1
Ucayali,Purús,Purus,50673921,Anthony Taylor,1
Ucayali,Purús,Purus,15229681,Lynn Kahan,1
Ucayali,Purús,Purus,87919739,Diane Martenez,0
Ucayali,Purús,Purus,48972747,Donna Mccormick,1
Ucayali,Purús,Purus,70450212,Maria Spotwood,1
Ucayali,Purús,Purus,55563627,Anthony Taylor,1
Ucayali,Purús,Purus,50895620,Maria Spotwood,1
Ucayali,Purús,Purus,78610332,Donna Mccormick,0
Ucayali,Purús,Purus,81068581,Anthony Taylor,0
Ucayali,Purús,Purus,45806211,Richard Scarborough,1
Ucayali,Purús,Purus,67315294,Lynn Kahan,1
Ucayali,Purús,Purus,58705474,Diane Martenez,0
Ucayali,Purús,Purus,60978947,Thomas Ahrens,0
Ucayali,Purús,Purus,85071152,Reginald Lewis,1
Ucayali,Purús,Purus,66664111,Maria Spotwood,0
Ucayali,Purús,Purus,62020810,Brenton Walton,0
Ucayali,Purús,Purus,20100107,Donna Mccormick,0
Ucayali,Purús,Purus,55385986,Maria Spotwood,1
Ucayali,Purús,Purus,88005160,Diane Martenez,0
Ucayali,Purús,Purus,74531855,Diane Martenez,0
Ucayali,Purús,Purus,35378872,Lynn Kahan,1
Ucayali,Purús,Purus,31916513,Thomas Ahrens,0
Ucayali,Purús,Purus,32176538,Donna Mccormick,0
Ucayali,Purús,Purus,15134259,Thomas Ahrens,1
Ucayali,Purús,Purus,54697366,Brenton Walton,1
Ucayali,Purús,Purus,16426632,Donna Mccormick,1
Ucayali,Purús,Purus,11115137,Thomas Ahrens,0
Ucayali,Purús,Purus,13003146,Brenton Walton,1
Ucayali,Purús,Purus,61589916,Maria Spotwood,1
Ucayali,Purús,Purus,54386705,Diane Martenez,1
Ucayali,Purús,Purus,50746740,Maria Spotwood,1
Ucayali,Purús,Purus,15985341,Thomas Ahrens,1
Ucayali,Purús,Purus,77044259,Richard Scarborough,0
Ucayali,Purús,Purus,17409690,Richard Scarborough,0
Ucayali,Purús,Purus,43798051,Reginald Lewis,0
Ucayali,Purús,Purus,47460967,Lynn Kahan,1
Ucayali,Purús,Purus,66149673,Lynn Kahan,1
Ucayali,Purús,Purus,87467402,Maria Spotwood,1
Ucayali,Purús,Purus,52262636,Richard Scarborough,0
Ucayali,Purús,Purus,70341139,Brenton Walton,1
Ucayali,Purús,Purus,16025423,Brenton Walton,0
Ucayali,Purús,Purus,23291532,Richard Scarborough,1
Ucayali,Purús,Purus,43336784,Anthony Taylor,1
Ucayali,Purús,Purus,88939327,Diane Martenez,1
Ucayali,Purús,Purus,46313774,Richard Scarborough,0
Ucayali,Purús,Purus,63505482,Donna Mccormick,0
Ucayali,Purús,Purus,29608707,Brenton Walton,1
Ucayali,Purús,Purus,58035721,Diane Martenez,0
Ucayali,Purús,Purus,79354164,Reginald Lewis,1
Ucayali,Purús,Purus,79538191,Brenton Walton,1
Ucayali,Purús,Purus,82732748,Brenton Walton,0
Ucayali,Purús,Purus,72390371,Brenton Walton,0
Ucayali,Purús,Purus,41514459,Maria Spotwood,0
Ucayali,Purús,Purus,43092511,Richard Scarborough,0
Ucayali,Purús,Purus,88335866,Brenton Walton,1
Ucayali,Purús,Purus,41570590,Diane Martenez,1
Ucayali,Purús,Purus,58707936,Diane Martenez,1
Ucayali,Purús,Purus,17736293,Diane Martenez,0
Ucayali,Purús,Purus,86499727,Diane Martenez,0
Ucayali,Purús,Purus,66196666,Lynn Kahan,1
Ucayali,Purús,Purus,47388810,Diane Martenez,1
Ucayali,Purús,Purus,86724100,Anthony Taylor,1
Ucayali,Purús,Purus,12240731,Thomas Ahrens,0
Ucayali,Purús,Purus,24725315,Richard Scarborough,1
Ucayali,Purús,Purus,53406584,Anthony Taylor,0
Ucayali,Purús,Purus,18768630,Lynn Kahan,1
Ucayali,Purús,Purus,64646635,Anthony Taylor,1
Ucayali,Purús,Purus,65898909,Brenton Walton,0
Ucayali,Purús,Purus,15550530,Richard Scarborough,0
Ucayali,Purús,Purus,87708411,Reginald Lewis,1
Ucayali,Purús,Purus,88170709,Maria Spotwood,1
Ucayali,Purús,Purus,72647608,Thomas Ahrens,0
Ucayali,Purús,Purus,38746086,Lynn Kahan,1
Ucayali,Purús,Purus,80665236,Diane Martenez,1
Ucayali,Purús,Purus,66557814,Maria Spotwood,1
Ucayali,Purús,Purus,53898283,Lynn Kahan,0
Ucayali,Purús,Purus,65363035,Anthony Taylor,1
Ucayali,Purús,Purus,52695200,Reginald Lewis,1
Ucayali,Purús,Purus,42685280,Diane Martenez,0
Ucayali,Purús,Purus,89236345,Donna Mccormick,1
Ucayali,Purús,Purus,13104077,Donna Mccormick,0
Ucayali,Purús,Purus,78123092,Diane Martenez,0
Ucayali,Purús,Purus,84718350,Donna Mccormick,0
Ucayali,Purús,Purus,23618470,Brenton Walton,0
Ucayali,Purús,Purus,87743929,Brenton Walton,1
Ucayali,Purús,Purus,20337614,Maria Spotwood,0
Ucayali,Purús,Purus,38546747,Lynn Kahan,1
Ucayali,Purús,Purus,69827118,Maria Spotwood,1
Ucayali,Purús,Purus,81440240,Anthony Taylor,0
Ucayali,Purús,Purus,18621799,Thomas Ahrens,1
Ucayali,Purús,Purus,61857050,Brenton Walton,1
Ucayali,Purús,Purus,12666539,Richard Scarborough,0
Ucayali,Purús,Purus,20583856,Thomas Ahrens,1
Ucayali,Purús,Purus,50289880,Richard Scarborough,0
Ucayali,Purús,Purus,22805449,Reginald Lewis,0
Ucayali,Purús,Purus,49018642,Anthony Taylor,1
Ucayali,Purús,Purus,20467910,Brenton Walton,1
Ucayali,Purús,Purus,45843778,Maria Spotwood,1
Ucayali,Purús,Purus,72035302,Maria Spotwood,1
Ucayali,Purús,Purus,49356516,Thomas Ahrens,1
Ucayali,Purús,Purus,87874053,Donna Mccormick,0
Ucayali,Purús,Purus,79697014,Reginald Lewis,0
Ucayali,Purús,Purus,89221542,Brenton Walton,1
Ucayali,Purús,Purus,24084547,Lynn Kahan,1
Ucayali,Purús,Purus,32879419,Donna Mccormick,0
Ucayali,Purús,Purus,31519159,Diane Martenez,0
Ucayali,Purús,Purus,31206769,Thomas Ahrens,1
Ucayali,Purús,Purus,69926779,Reginald Lewis,1
Ucayali,Purús,Purus,16530654,Donna Mccormick,1
Ucayali,Purús,Purus,82352382,Diane Martenez,0
Ucayali,Purús,Purus,85687685,Brenton Walton,1
Ucayali,Purús,Purus,51608606,Brenton Walton,1
Ucayali,Purús,Purus,22435467,Diane Martenez,0
Ucayali,Purús,Purus,46974298,Richard Scarborough,0
Ucayali,Purús,Purus,85845339,Diane Martenez,1
Ucayali,Purús,Purus,68704795,Diane Martenez,0
Ucayali,Purús,Purus,58454458,Diane Martenez,1
Ucayali,Purús,Purus,84977987,Donna Mccormick,1
Ucayali,Purús,Purus,89842432,Reginald Lewis,1
Ucayali,Purús,Purus,83915147,Thomas Ahrens,0
Ucayali,Purús,Purus,46407524,Thomas Ahrens,0
Ucayali,Purús,Purus,21533296,Donna Mccormick,0
Ucayali,Purús,Purus,54466566,Anthony Taylor,1
Ucayali,Purús,Purus,32801031,Diane Martenez,1
Ucayali,Purús,Purus,79868381,Brenton Walton,1
Ucayali,Purús,Purus,30647201,Lynn Kahan,0
Ucayali,Purús,Purus,41606271,Reginald Lewis,1
Ucayali,Purús,Purus,29631851,Thomas Ahrens,0
Ucayali,Purús,Purus,85518632,Maria Spotwood,0
Ucayali,Purús,Purus,61655689,Diane Martenez,1
Ucayali,Purús,Purus,64278114,Richard Scarborough,1
Ucayali,Purús,Purus,23301904,Maria Spotwood,1
Ucayali,Purús,Purus,36718091,Donna Mccormick,0
Ucayali,Purús,Purus,75568601,Richard Scarborough,1
Ucayali,Purús,Purus,37485656,Reginald Lewis,0
Ucayali,Purús,Purus,14596862,Donna Mccormick,1
Ucayali,Purús,Purus,55775747,Thomas Ahrens,1
Ucayali,Purús,Purus,43266765,Maria Spotwood,0
Ucayali,Purús,Purus,17106103,Lynn Kahan,1
Ucayali,Purús,Purus,24883884,Donna Mccormick,0
Ucayali,Purús,Purus,52837552,Brenton Walton,0
Ucayali,Purús,Purus,38734555,Anthony Taylor,0
Ucayali,Purús,Purus,77822148,Maria Spotwood,0
Ucayali,Purús,Purus,70502132,Thomas Ahrens,1
Ucayali,Purús,Purus,35245150,Maria Spotwood,1
Ucayali,Purús,Purus,60360322,Lynn Kahan,0
Ucayali,Purús,Purus,51562840,Donna Mccormick,0
Ucayali,Purús,Purus,64852260,Lynn Kahan,0
Ucayali,Purús,Purus,25366246,Lynn Kahan,0
Ucayali,Purús,Purus,55847914,Donna Mccormick,0
Ucayali,Purús,Purus,89509958,Diane Martenez,0
Ucayali,Purús,Purus,23459677,Donna Mccormick,1
Ucayali,Purús,Purus,42904893,Diane Martenez,1
Ucayali,Purús,Purus,82108713,Thomas Ahrens,0
Ucayali,Purús,Purus,13912419,Anthony Taylor,1
Ucayali,Purús,Purus,45699661,Brenton Walton,0
Ucayali,Purús,Purus,49892665,Lynn Kahan,1
Ucayali,Purús,Purus,86341175,Thomas Ahrens,0
Ucayali,Purús,Purus,42616907,Anthony Taylor,1
Ucayali,Purús,Purus,25178145,Lynn Kahan,0
Ucayali,Purús,Purus,31677232,Donna Mccormick,1
Ucayali,Purús,Purus,58189473,Diane Martenez,0
Ucayali,Purús,Purus,60215148,Donna Mccormick,1
Ucayali,Purús,Purus,27356685,Anthony Taylor,0
Ucayali,Purús,Purus,44200070,Brenton Walton,1
Ucayali,Purús,Purus,75082874,Richard Scarborough,0
Ucayali,Purús,Purus,82056947,Richard Scarborough,0
Ucayali,Purús,Purus,15063053,Diane Martenez,1
Ucayali,Purús,Purus,64858335,Lynn Kahan,1
Ucayali,Purús,Purus,28700664,Diane Martenez,1
Ucayali,Purús,Purus,26226659,Maria Spotwood,0
Ucayali,Purús,Purus,49610147,Anthony Taylor,0
Ucayali,Purús,Purus,13060341,Richard Scarborough,1
Ucayali,Purús,Purus,68321925,Thomas Ahrens,1
Ucayali,Purús,Purus,42784605,Diane Martenez,1
Ucayali,Purús,Purus,54530015,Thomas Ahrens,0
Ucayali,Purús,Purus,44551340,Diane Martenez,0
Ucayali,Purús,Purus,76333290,Maria Spotwood,1
Ucayali,Purús,Purus,52284627,Diane Martenez,1
Ucayali,Purús,Purus,29392886,Diane Martenez,1
Ucayali,Purús,Purus,76506700,Maria Spotwood,1
Ucayali,Purús,Purus,64541968,Diane Martenez,1
Ucayali,Purús,Purus,44892501,Lynn Kahan,1
Ucayali,Purús,Purus,20671963,Maria Spotwood,1
Ucayali,Purús,Purus,51165381,Richard Scarborough,0
Ucayali,Purús,Purus,89904004,Reginald Lewis,0
Ucayali,Purús,Purus,23531437,Reginald Lewis,1
Ucayali,Purús,Purus,28602675,Diane Martenez,0
Ucayali,Purús,Purus,80197948,Richard Scarborough,0
Ucayali,Purús,Purus,48284111,Richard Scarborough,1
Ucayali,Purús,Purus,25922504,Donna Mccormick,0
Ucayali,Purús,Purus,59502265,Anthony Taylor,0
Ucayali,Purús,Purus,18534772,Thomas Ahrens,0
Ucayali,Purús,Purus,68049505,Diane Martenez,1
Ucayali,Purús,Purus,16020482,Maria Spotwood,1
Ucayali,Purús,Purus,28187190,Brenton Walton,1
Ucayali,Purús,Purus,27980705,Diane Martenez,0
Ucayali,Purús,Purus,40691555,Donna Mccormick,0
Ucayali,Purús,Purus,37855818,Maria Spotwood,0
Ucayali,Purús,Purus,61174810,Maria Spotwood,1
Ucayali,Purús,Purus,20779671,Richard Scarborough,0
Ucayali,Purús,Purus,29507740,Maria Spotwood,0
Ucayali,Purús,Purus,35190379,Lynn Kahan,1
Ucayali,Purús,Purus,78448928,Thomas Ahrens,0
Ucayali,Purús,Purus,65736281,Brenton Walton,1
Ucayali,Purús,Purus,64543783,Diane Martenez,1
Ucayali,Purús,Purus,38651521,Richard Scarborough,0
Ucayali,Purús,Purus,14422784,Anthony Taylor,1
Ucayali,Purús,Purus,36130482,Thomas Ahrens,1
Ucayali,Purús,Purus,30479743,Richard Scarborough,1
Ucayali,Purús,Purus,20024832,Maria Spotwood,1
Ucayali,Purús,Purus,17143243,Richard Scarborough,1
Ucayali,Purús,Purus,63604315,Maria Spotwood,1
Ucayali,Purús,Purus,23132598,Diane Martenez,0
Ucayali,Purús,Purus,37087582,Lynn Kahan,0
Ucayali,Purús,Purus,59103708,Donna Mccormick,0
Ucayali,Purús,Purus,33741413,Diane Martenez,0
Ucayali,Purús,Purus,85152162,Anthony Taylor,0
Ucayali,Purús,Purus,24185692,Lynn Kahan,1
Ucayali,Purús,Purus,24780481,Diane Martenez,1
Ucayali,Purús,Purus,11979110,Lynn Kahan,1
Ucayali,Purús,Purus,84046016,Brenton Walton,0
Ucayali,Purús,Purus,24352887,Lynn Kahan,1
Ucayali,Purús,Purus,75616778,Brenton Walton,0
Ucayali,Purús,Purus,11936140,Thomas Ahrens,1
Ucayali,Purús,Purus,72497935,Diane Martenez,0
Ucayali,Purús,Purus,79336538,Maria Spotwood,1
Ucayali,Purús,Purus,77387350,Thomas Ahrens,0
Ucayali,Purús,Purus,31671077,Lynn Kahan,0
Ucayali,Purús,Purus,61475980,Maria Spotwood,0
Ucayali,Purús,Purus,50554719,Richard Scarborough,0
Ucayali,Purús,Purus,35679682,Maria Spotwood,0
Ucayali,Purús,Purus,80836800,Richard Scarborough,1
Ucayali,Purús,Purus,76694119,Diane Martenez,0
Ucayali,Purús,Purus,74628344,Donna Mccormick,0
Ucayali,Purús,Purus,18495621,Donna Mccormick,0
Ucayali,Purús,Purus,41490948,Richard Scarborough,0
Ucayali,Purús,Purus,38976599,Donna Mccormick,0
Ucayali,Purús,Purus,15595948,Anthony Taylor,1
Ucayali,Purús,Purus,42326067,Lynn Kahan,1
Ucayali,Purús,Purus,54731851,Brenton Walton,1
Ucayali,Purús,Purus,87495495,Diane Martenez,0
Ucayali,Purús,Purus,41651660,Maria Spotwood,0
Ucayali,Purús,Purus,13644048,Thomas Ahrens,1
Ucayali,Purús,Purus,71597297,Donna Mccormick,0
Ucayali,Purús,Purus,59917649,Anthony Taylor,0
Ucayali,Purús,Purus,18994655,Brenton Walton,0
Ucayali,Purús,Purus,41725939,Richard Scarborough,0
Ucayali,Purús,Purus,38896985,Thomas Ahrens,1
Ucayali,Purús,Purus,88884488,Brenton Walton,0
Ucayali,Purús,Purus,57030560,Lynn Kahan,1
Ucayali,Purús,Purus,52975473,Reginald Lewis,0
Ucayali,Purús,Purus,79447738,Diane Martenez,1
Ucayali,Purús,Purus,31779078,Reginald Lewis,0
Ucayali,Purús,Purus,42278038,Thomas Ahrens,1
Ucayali,Purús,Purus,40642104,Brenton Walton,0
Ucayali,Purús,Purus,14410878,Donna Mccormick,1
Ucayali,Purús,Purus,60527822,Thomas Ahrens,1
Ucayali,Purús,Purus,10456633,Diane Martenez,1
Ucayali,Purús,Purus,41946106,Richard Scarborough,1
Ucayali,Purús,Purus,68979706,Richard Scarborough,0
Ucayali,Purús,Purus,24895859,Brenton Walton,1
Ucayali,Purús,Purus,22285436,Thomas Ahrens,0
Ucayali,Purús,Purus,33976899,Donna Mccormick,1
Ucayali,Purús,Purus,13717713,Maria Spotwood,0
Ucayali,Purús,Purus,54313004,Lynn Kahan,0
Ucayali,Purús,Purus,41075286,Diane Martenez,0
Ucayali,Purús,Purus,10890929,Richard Scarborough,1
Ucayali,Purús,Purus,69030123,Reginald Lewis,0
Ucayali,Purús,Purus,15386062,Maria Spotwood,0
Ucayali,Purús,Purus,15923467,Brenton Walton,1
Ucayali,Purús,Purus,33242549,Brenton Walton,0
Ucayali,Purús,Purus,31012304,Anthony Taylor,1
Ucayali,Purús,Purus,38326001,Maria Spotwood,1
Ucayali,Purús,Purus,31950964,Thomas Ahrens,1
Ucayali,Purús,Purus,33977858,Richard Scarborough,1
Ucayali,Purús,Purus,72953146,Diane Martenez,1
Ucayali,Purús,Purus,40795856,Diane Martenez,1
Ucayali,Purús,Purus,62270168,Brenton Walton,0
Ucayali,Purús,Purus,58067472,Reginald Lewis,1
Ucayali,Purús,Purus,24461935,Lynn Kahan,0
Ucayali,Purús,Purus,39471650,Maria Spotwood,1
Ucayali,Purús,Purus,56080013,Reginald Lewis,0
Ucayali,Purús,Purus,30819740,Donna Mccormick,0
Ucayali,Purús,Purus,51827759,Brenton Walton,0
Ucayali,Purús,Purus,89637363,Donna Mccormick,1
Ucayali,Purús,Purus,58593655,Richard Scarborough,0
Ucayali,Purús,Purus,10152728,Diane Martenez,1
Ucayali,Purús,Purus,47100790,Lynn Kahan,0
Ucayali,Purús,Purus,75449018,Thomas Ahrens,1
Ucayali,Purús,Purus,29441934,Diane Martenez,1
Ucayali,Purús,Purus,32837570,Donna Mccormick,1
Ucayali,Purús,Purus,30462078,Diane Martenez,1
Ucayali,Purús,Purus,10673759,Diane Martenez,0
Ucayali,Purús,Purus,45775907,Anthony Taylor,1
Ucayali,Purús,Purus,11238179,Brenton Walton,1
Ucayali,Purús,Purus,78171481,Thomas Ahrens,1
Ucayali,Purús,Purus,45607534,Donna Mccormick,0
Ucayali,Purús,Purus,24420316,Brenton Walton,1
Ucayali,Purús,Purus,35571244,Reginald Lewis,1
Ucayali,Purús,Purus,24899036,Brenton Walton,0
Ucayali,Purús,Purus,69786952,Lynn Kahan,1
Ucayali,Purús,Purus,62770926,Lynn Kahan,1
Ucayali,Purús,Purus,12170214,Donna Mccormick,1
Ucayali,Purús,Purus,23826030,Anthony Taylor,0
Ucayali,Purús,Purus,86172021,Brenton Walton,1
Ucayali,Purús,Purus,10001805,Diane Martenez,0
Ucayali,Purús,Purus,71501700,Diane Martenez,1
Ucayali,Purús,Purus,87022711,Richard Scarborough,0
Ucayali,Purús,Purus,46578559,Brenton Walton,1
Ucayali,Purús,Purus,49492125,Thomas Ahrens,0
Ucayali,Purús,Purus,32492836,Maria Spotwood,0
Ucayali,Purús,Purus,10127501,Brenton Walton,1
Ucayali,Purús,Purus,61474175,Diane Martenez,1
Ucayali,Purús,Purus,55809732,Brenton Walton,1
Ucayali,Purús,Purus,28046924,Richard Scarborough,0
Ucayali,Purús,Purus,79370211,Maria Spotwood,1
Ucayali,Purús,Purus,16574913,Donna Mccormick,1
Ucayali,Purús,Purus,61767560,Lynn Kahan,0
Ucayali,Purús,Purus,59791042,Lynn Kahan,1
Ucayali,Purús,Purus,18261514,Diane Martenez,1
Ucayali,Purús,Purus,67815212,Lynn Kahan,1
Ucayali,Purús,Purus,87323027,Reginald Lewis,1
Ucayali,Purús,Purus,89538979,Donna Mccormick,1
Ucayali,Purús,Purus,36513841,Reginald Lewis,1
Ucayali,Purús,Purus,56839613,Thomas Ahrens,1
Ucayali,Purús,Purus,24417542,Donna Mccormick,1
Ucayali,Purús,Purus,62716523,Thomas Ahrens,0
Ucayali,Purús,Purus,79256319,Thomas Ahrens,0
Ucayali,Purús,Purus,68455946,Reginald Lewis,0
Ucayali,Purús,Purus,55276351,Brenton Walton,1
Ucayali,Purús,Purus,46437626,Lynn Kahan,0
Ucayali,Purús,Purus,45968436,Donna Mccormick,0
Ucayali,Purús,Purus,13285041,Lynn Kahan,1
Ucayali,Purús,Purus,78305936,Thomas Ahrens,1
Ucayali,Purús,Purus,67231203,Donna Mccormick,0
Ucayali,Purús,Purus,27110981,Donna Mccormick,0
Ucayali,Purús,Purus,40459965,Reginald Lewis,1
Ucayali,Purús,Purus,42955774,Diane Martenez,0
Ucayali,Purús,Purus,18890023,Maria Spotwood,1
Ucayali,Purús,Purus,27834952,Richard Scarborough,1
Ucayali,Purús,Purus,62061511,Donna Mccormick,1
Ucayali,Purús,Purus,69082058,Donna Mccormick,1
Ucayali,Purús,Purus,19179423,Thomas Ahrens,0
Ucayali,Purús,Purus,72775726,Maria Spotwood,0
Ucayali,Purús,Purus,72135247,Diane Martenez,0
Ucayali,Purús,Purus,67710095,Richard Scarborough,0
Ucayali,Purús,Purus,22546407,Richard Scarborough,0
Ucayali,Purús,Purus,17061361,Diane Martenez,0
Ucayali,Purús,Purus,25491225,Brenton Walton,0
Ucayali,Purús,Purus,40186265,Thomas Ahrens,1
Ucayali,Purús,Purus,52076581,Thomas Ahrens,0
Ucayali,Purús,Purus,25170061,Brenton Walton,1
Ucayali,Purús,Purus,24138759,Anthony Taylor,1
Ucayali,Purús,Purus,48219775,Maria Spotwood,0
Ucayali,Purús,Purus,22724272,Thomas Ahrens,0
Ucayali,Purús,Purus,18981049,Richard Scarborough,1
Ucayali,Purús,Purus,75260018,Lynn Kahan,1
Ucayali,Purús,Purus,23578743,Richard Scarborough,0
Ucayali,Purús,Purus,34796818,Maria Spotwood,1
Ucayali,Purús,Purus,10815382,Diane Martenez,0
Ucayali,Purús,Purus,31811441,Richard Scarborough,1
Ucayali,Purús,Purus,53254877,Brenton Walton,0
Ucayali,Purús,Purus,34595047,Reginald Lewis,1
Ucayali,Purús,Purus,35325025,Thomas Ahrens,1
Ucayali,Purús,Purus,58524229,Richard Scarborough,1
Ucayali,Purús,Purus,79958802,Reginald Lewis,1
Ucayali,Purús,Purus,17725360,Anthony Taylor,1
Ucayali,Purús,Purus,15171178,Maria Spotwood,1
Ucayali,Purús,Purus,26854054,Lynn Kahan,0
Ucayali,Purús,Purus,35963317,Lynn Kahan,0
Ucayali,Purús,Purus,43416341,Lynn Kahan,0
Ucayali,Purús,Purus,13011920,Diane Martenez,1
Ucayali,Purús,Purus,80378922,Lynn Kahan,1
Ucayali,Purús,Purus,84932155,Richard Scarborough,1
Ucayali,Purús,Purus,80414781,Anthony Taylor,0
Ucayali,Purús,Purus,22000435,Richard Scarborough,1
Ucayali,Purús,Purus,39461612,Maria Spotwood,0
Ucayali,Purús,Purus,36568995,Brenton Walton,1
Ucayali,Purús,Purus,61793572,Anthony Taylor,1
Ucayali,Purús,Purus,24770803,Brenton Walton,0
Ucayali,Purús,Purus,30582810,Richard Scarborough,1
Ucayali,Purús,Purus,85817134,Anthony Taylor,1
Ucayali,Purús,Purus,21514448,Anthony Taylor,1
Ucayali,Purús,Purus,88088020,Richard Scarborough,1
Ucayali,Purús,Purus,66820752,Reginald Lewis,1
Ucayali,Purús,Purus,84976347,Reginald Lewis,0
Ucayali,Purús,Purus,22026219,Lynn Kahan,1
Ucayali,Purús,Purus,14359216,Reginald Lewis,1
Ucayali,Purús,Purus,34033618,Donna Mccormick,0
Ucayali,Purús,Purus,23864080,Brenton Walton,0
Ucayali,Purús,Purus,53741371,Donna Mccormick,1
Ucayali,Purús,Purus,56448507,Lynn Kahan,1
Ucayali,Purús,Purus,49393212,Thomas Ahrens,1
Ucayali,Purús,Purus,16189079,Maria Spotwood,0
Ucayali,Purús,Purus,61203248,Richard Scarborough,0
Ucayali,Purús,Purus,11286406,Donna Mccormick,0
Ucayali,Purús,Purus,63023613,Maria Spotwood,0
Ucayali,Purús,Purus,77498061,Maria Spotwood,0
Ucayali,Purús,Purus,19649585,Lynn Kahan,0
Ucayali,Purús,Purus,77554857,Diane Martenez,0
Ucayali,Purús,Purus,15238074,Maria Spotwood,1
Ucayali,Purús,Purus,63782868,Brenton Walton,1
Ucayali,Purús,Purus,55529325,Brenton Walton,1
Ucayali,Purús,Purus,50064257,Thomas Ahrens,0
Ucayali,Purús,Purus,66438057,Maria Spotwood,1
Ucayali,Purús,Purus,65779084,Thomas Ahrens,0
Ucayali,Purús,Purus,79360093,Thomas Ahrens,1
Ucayali,Purús,Purus,28277332,Lynn Kahan,0
Ucayali,Purús,Purus,25221096,Thomas Ahrens,0
Ucayali,Purús,Purus,19048244,Maria Spotwood,1
Ucayali,Purús,Purus,26066576,Reginald Lewis,0
Ucayali,Purús,Purus,32175715,Maria Spotwood,0
Ucayali,Purús,Purus,24782494,Maria Spotwood,0
Ucayali,Purús,Purus,89952240,Thomas Ahrens,1
Ucayali,Purús,Purus,43639689,Diane Martenez,1
Ucayali,Purús,Purus,79374186,Diane Martenez,1
Ucayali,Purús,Purus,27428925,Lynn Kahan,0
Ucayali,Purús,Purus,34426449,Richard Scarborough,1
Ucayali,Purús,Purus,30049524,Lynn Kahan,1
Ucayali,Purús,Purus,47614683,Reginald Lewis,0
Ucayali,Purús,Purus,37279135,Anthony Taylor,1
Ucayali,Purús,Purus,17837910,Maria Spotwood,1
Ucayali,Purús,Purus,78383974,Thomas Ahrens,1
Ucayali,Purús,Purus,35310499,Brenton Walton,0
Ucayali,Purús,Purus,53048198,Lynn Kahan,1
Ucayali,Purús,Purus,74700360,Donna Mccormick,0
Ucayali,Purús,Purus,36825986,Reginald Lewis,0
Ucayali,Purús,Purus,34976933,Richard Scarborough,0
Ucayali,Purús,Purus,19417073,Donna Mccormick,1
Ucayali,Purús,Purus,61318420,Maria Spotwood,0
Ucayali,Purús,Purus,44196624,Lynn Kahan,1
Ucayali,Purús,Purus,58165987,Reginald Lewis,0
